,File,Surgery,CXR_CTSurgery_RAW,SD_Prediction,CXR_CTSurgery_Final
0,A.png,0,0.03920446,0.013467833,0.022456129394627728
1,B.png,1,0.026908126,0.006500675,0.015148834460699805
2,C.png,5,0.030503646,0.005389748,0.029408802589283807
3,D.png,3,0.03713739,0.012206788,0.023201431460519995
4,E.png,4,0.028009586,0.0037214358,0.02257995518028075
